---
layout: post
title: 一些常用的SQL语句
subtitle:
date: 2019-11-13
author: kevin
header-img: img/green-bg.jpg
catalog: true
tags:
    - sql
---





## preface



SQL 学过一点，但是没有怎么用，因此用的时候经常又要去看一遍教程，不如直接把经常会用到的语句给记录下来，下次直接看这一篇就行了。



>  本篇基于 Mysql 5.6.38，Windows 10 平台，参考廖雪峰 SQL 教程 and 菜鸟教程



## 操作数据库



**列出所有的数据库**

```SQL
mysql> SHOW DATABASES;
+--------------------+ 
| Database           |
+--------------------+
| information_schema | 
| ctf                |
| mysql              |
| performance_schema | 
| sql                |
+--------------------+
5 rows in set (0.00 sec)
```



**创建一个名叫 sql 的新数据库**

```sql
mysql> CREATE DATABASE `sql`;
Query OK, 1 row affected (0.00 sec) 
```



> MySQL 中的数据库，表，字段名，一般要用 `` 包围，以区分普通字符。但有些场合不包也不会报错，因此下面有些地方我就没有用。MySQL 关键字一般用大写，但是用小写也没啥事2333



**删除名叫 sql 的数据库**

```SQL
mysql> DROP DATABASE `sql`;
Query OK, 0 rows affected (0.00 sec) 
```



**对数据库进行操作前要切换为当前数据库**

```sql
mysql> USE `ctf`; 
Database changed 
```



## 操作表



**列出当前数据库中所有表**

```sql
mysql> SHOW TABLES;
+---------------+ 
| Tables_in_ctf |
+---------------+
| first         |
+---------------+ 
1 row in set (0.00 sec)
```



**创建一个新表**

```sql
mysql> CREATE TABLE IF NOT EXISTS `my_tbl`( 
    ->    `my_id` INT UNSIGNED AUTO_INCREMENT, 
    ->    `my_title` VARCHAR(100) NOT NULL,
    ->    `my_author` VARCHAR(40) NOT NULL, 
    ->    `submission_date` DATE,
    ->    PRIMARY KEY ( `my_id` )
    -> )ENGINE=InnoDB DEFAULT CHARSET=utf8;
Query OK, 0 rows affected (0.27 sec) 
```



**删除一个表**

```sql
mysql> DROP TABLE `my_tbl`; 
Query OK, 0 rows affected (0.41 sec) 
```



**查看某个表的结构**

```sql
mysql> DESC first;
+--------+--------------+------+-----+---------+-------+ 
| Field  | Type         | Null | Key | Default | Extra |
+--------+--------------+------+-----+---------+-------+
| name   | varchar(255) | NO   |     | NULL    |       | 
| age    | int(10)      | NO   |     | NULL    |       | 
| gender | varchar(2)   | NO   |     | NULL    |       |
+--------+--------------+------+-----+---------+-------+
3 rows in set (0.01 sec) 
```



**查看创建某个表的SQL语句**

```sql
mysql> SHOW CREATE TABLE first;
+-------+------------------------------------------------------------------------------------------------------------------------------------------------------+
| Table | Create Table
                                            |
+-------+------------------------------------------------------------------------------------------------------------------------------------------------------+
| first | CREATE TABLE `first` ( 
  `name` varchar(255) NOT NULL,
  `age` int(10) NOT NULL, 
  `gender` varchar(2) NOT NULL
) ENGINE=InnoDB DEFAULT CHARSET=utf8 |
+-------+------------------------------------------------------------------------------------------------------------------------------------------------------+
1 row in set (0.00 sec)
```



>  用 ALTER 对表进行修改



**给表新增一列 birth 字段**

```sql
mysql> ALTER TABLE `first` ADD COLUMN birth VARCHAR(10) NOT NULL; 
Query OK, 0 rows affected (2.32 sec) 
Records: 0  Duplicates: 0  Warnings: 0
```



**修改 birth 名为 birthday，类型改为 VARCHAR(20)**

```sql
mysql> ALTER TABLE `first` CHANGE COLUMN `birth` `birthday` VARCHAR(20) NOT NULL; 
Query OK, 4 rows affected (2.42 sec) 
Records: 4  Duplicates: 0  Warnings: 0
```



**删除 birthday 列**

```sql
mysql> ALTER TABLE `first` DROP COLUMN `birthday`; 
Query OK, 0 rows affected (2.20 sec) 
Records: 0  Duplicates: 0  Warnings: 0
```





## 操作数据



### INSERT 插入



通用语法

```sql
INSERT INTO table_name ( field1, field2,...fieldN )
                       VALUES
                       ( value1, value2,...valueN );
```



上面这样的话就插入了一条记录，也可以一次性插入好多条记录：

```sql
mysql> INSERT INTO first (name, gender, age) 
    -> VALUES 
    -> ('Susan', 'f', 21),
    -> ('Rose', 'f', 20);
Query OK, 2 rows affected (0.89 sec) 
Records: 2  Duplicates: 0  Warnings: 0
```



### DELETE 删除



通用语法

```sql
DELETE FROM table_name [WHERE Clause]
```



不用 `where`  条件的话整个表都会被删除，可以在 `where` 中指定任何条件，比如下面这段代码就删除了 age 为 12 的记录：

```sql
mysql> DELETE FROM first WHERE age=12;
Query OK, 1 row affected (0.05 sec) 
```



### UPDATE 修改



通用语法

```sql
UPDATE table_name SET field1=new-value1, field2=new-value2
[WHERE Clause]
```



可以同时更新多个字段，一般是配合 `where` 使用，更新指定行的数据，下面我们更新 yuhui 的年龄：

```sql
mysql> UPDATE first SET age=18 WHERE name='yuhui';
Query OK, 1 row affected (1.69 sec) 
Rows matched: 1  Changed: 1  Warnings: 0
```



查询一下，已经被更新了：

```sql
mysql> SELECT * FROM first WHERE name='yuhui';     
+-------+-----+--------+ 
| name  | age | gender |
+-------+-----+--------+
| yuhui |  18 | f      |
+-------+-----+--------+
1 row in set (0.00 sec) 
```



### SELECT 查询



通用语法

```sql
SELECT column_name1,column_name2
FROM table_name1, table_name2
[WHERE Clause]
[LIMIT N][ OFFSET M]
```



查询语句可以在多个表中查询，并且可以查询多个字段，返回的是一条或多条记录，可以用 `LIMIT` 属性来设定返回的记录数，用 `OFFSET` 指定 `SELECT` 语句开始查询的数据偏移量，默认情况下是 0，如果想查询所有字段信息的话，可以用 `*` 来代替 `column_name`



```sql
mysql> SELECT `name`, `age` FROM `first` WHERE  `gender`='f';
+-------+-----+ 
| name  | age |
+-------+-----+
| chan  |  17 |
| yuhui |  18 |
| kaiyi |  20 | 
+-------+-----+
3 rows in set (0.00 sec)
```

